상점명,메뉴명,등록가격($),카테고리평균가($),평균대비배수,AI판정,AI확신도,AI판단근거,권장액션
palios pizza cafe,Greek Bread,599.0,13.38,44.8,오류 의심,높음,"Greek Bread는 일반적인 빵 메뉴로 $599는 극단적으로 높으며, 카테고리 평균의 44.8배는 세트메뉴나 고급 주류 등으로도 설명하기 어려운 수준이므로 소수점 위치 오류($59.90 또는 $5.99)일 가능성이 높음.",즉시 수정 요청 (담당자 확인)
Nusr-Et (Dallas),Gold Istanbul Steak (10.5 oz),590.0,8.75,67.5,정상 고가 추정,높음,"Nusr-Et은 세계적으로 유명한 고급 스테이크하우스 프랜차이즈이며, '골드 이스탄불 스테이크'라는 메뉴명에서 프리미엄 재료와 특별 조리법을 시사하는 '골드' 표현이 있어 고가 책정이 정상으로 판단됨.",조치 불필요 (정상 판정)
Rabble-Rouser Chocolate &amp; Craft Co,The Nutty Club,275.0,5.97,46.0,오류 의심,높음,"Coffee and Tea 카테고리에서 $275는 극단적으로 비정상이며, 메뉴명 'The Nutty Club'은 일반적인 음료/간식을 시사하므로 소수점 위치 오류(예: $27.50 또는 $2.75)일 가능성이 매우 높음",즉시 수정 요청 (담당자 확인)
Euro's Gyro's,Pudding,450.0,10.42,43.2,오류 의심,높음,Greek 카테고리에서 Pudding이라는 기본 디저트가 43배 가격 격차는 단순 가격 입력 오류(예: $4.50 → $450.00)일 가능성이 매우 높음,즉시 수정 요청 (담당자 확인)
Kau Ba Saigon Kitchen,"Domaine Denis Bachelet Gevrey-Chambertín 2016, 750mL bottle red wine (12.50% ABV)",345.6,10.96,31.5,정상 고가 추정,높음,"메뉴명이 구체적인 와인 브랜드·빈티지·용량을 명시하고 있으며, 배달 플랫폼의 주류 판매가는 소매 정가 수준이므로 프리미엄 와인의 정상적인 가격대입니다.",조치 불필요 (정상 판정)
Republic Roots,7 - Days Cleanse Set,350.0,7.86,44.5,정상 고가 추정,높음,"메뉴명의 '7-Days Cleanse Set'은 7일간의 클렌즈 주스 세트로, 다량의 프리미엄 재료가 포함된 고가 패키지 상품으로 보이며, 'Republic Roots'는 건강식/웰니스 전문점으로 추정되어 세트 구성의 고가 책정이 타당함.",조치 불필요 (정상 판정)
Crave Bakery and Coffee Bar,Assorted Sandwich Platter,234.0,5.97,39.2,정상 고가 추정,중간,"Assorted Sandwich Platter는 복수의 샌드위치를 담은 대용량 세트메뉴로 보이며, 베이커리 카페에서 단체 주문이나 특별 주문용 고가 상품으로 합리적인 가격대로 판단됨.",참고용 - 사람 최종 확인 필요
Northern D' Lites,Pizza Puff,315.0,7.46,42.2,오류 의심,높음,Ice Cream & Frozen Yogurt 카테고리에서 단순 'Pizza Puff'라는 일반적인 디저트 메뉴가 $315.00으로 책정된 것은 소수점 자리 오류(예: $3.15 → $315.00) 또는 수량 단위 착오(예: 대량 주문)일 가능성이 높습니다.,즉시 수정 요청 (담당자 확인)
Chicken Express - Irving,100 Tenders Game Day Meal,289.99,9.67,30.0,정상 고가 추정,높음,"메뉴명의 '100 Tenders'는 치킨 너겟 100개를 의미하는 대용량 세트 상품으로, 30배 가격 차이는 수량 대비 합리적인 수준으로 판단됨.",조치 불필요 (정상 판정)
Chicken Express - Bedford,Gameday 100 Tender Meal,289.99,9.67,30.0,오류 의심,높음,"Gameday 100 Tender Meal은 패스트푸드 체인점의 일반적인 세트메뉴로 보이며, $289.99는 Fast Food 카테고리에서 일반적인 콤보/세트 가격대(통상 $8-15)에서 30배 이상 높아 입력 오류(예: 가격 단위 착오, 자리수 오류)일 가능성이 매우 높습니다.",즉시 수정 요청 (담당자 확인)
Chicken Express - Fort Worth Eastchase,100 Tenders Game Day Meal,289.99,9.67,30.0,정상 고가 추정,높음,"메뉴명의 '100 Tenders'는 100개의 너겟/텐더스를 포함한 대용량 세트메뉴이며, 'Game Day Meal'은 여러 사람이 함께 즐기는 파티/행사용 번들 상품으로 보이어 카테고리 평균(개별 메뉴)과 비교할 수 없는 특수 상품입니다.",조치 불필요 (정상 판정)
Chicken Express - N. Central &amp; Royal,Gameday 100 Tender Meal,289.99,9.67,30.0,오류 의심,높음,"Gameday 100 Tender Meal은 패스트푸드 체인의 세트메뉴로 보이나, $289.99는 일반적인 패스트푸드 대용량 세트($15~25) 수준을 크게 초과하며 소수점 입력 오류(289.99 → 28.99 또는 29.99)일 가능성이 높음.",즉시 수정 요청 (담당자 확인)
Chicken Express - Fort Worth Berry,100 Tenders Game Day Meal,289.99,9.67,30.0,정상 고가 추정,높음,"메뉴명의 '100 Tenders'는 치킨 너겟 100개를 의미하는 대용량 세트메뉴로, Game Day Meal이라는 단체/파티용 식사 패키지로 보아 정상적으로 고가일 가능성이 높다.",조치 불필요 (정상 판정)
Rejuv Juice,5-Day Cleanse,325.0,7.86,41.3,정상 고가 추정,중간,"'5-Day Cleanse'는 5일간의 클렌즈 프로그램으로 다중 병 세트 상품이며, 'Rejuv'(재생/건강)라는 프리미엄 웰니스 브랜드 특성상 고급 재료와 전문 제조 비용이 반영된 정상적인 고가 상품으로 판단됨.",참고용 - 사람 최종 확인 필요
Texas Best Smokehouse Nash,Group Meal 20,337.99,8.79,38.5,정상 고가 추정,높음,"메뉴명 'Group Meal 20'은 20인분 단위의 단체 세트메뉴를 의미하며, 'Texas Best Smokehouse'라는 고급 바비큐 전문점에서 대량 주문용 식사 세트로 $337.99는 합리적인 가격대입니다.",조치 불필요 (정상 판정)
Texas Best Smokehouse Nash,Group Meal 20,337.99,8.79,38.5,정상 고가 추정,높음,"메뉴명 'Group Meal 20'은 20인분 대용량 세트메뉴를 의미하며, 'Texas Best Smokehouse'는 고급 스모크 바비큐 전문점으로서 개별 샌드위치($8.79) 대비 단체 대량 구성 상품으로 38배 가격차는 타당함.",조치 불필요 (정상 판정)
Kau Ba Saigon Kitchen,"Bruno Clavelier Vosne-Romanee ler Cru 'Les Beaux Monts' 2016, 750mL bottle red wine (12.50% ABV)",294.0,10.96,26.8,정상 고가 추정,높음,"Bruno Clavelier는 부르고뉴 명품 와인 생산자이며, Vosne-Romanée Premier Cru는 세계적으로 인정받은 고급 와인으로 $294는 소매가 기준 합리적 수준이고, 베트남 레스토랑에서 프리미엄 와인을 제공하는 것은 일반적인 음식점 운영 방식입니다.",조치 불필요 (정상 판정)
Republic Roots,6 - Days Cleanse Set,300.0,7.86,38.2,정상 고가 추정,중간,"'6-Days Cleanse Set'은 6일 분량의 클렌즈 주스 세트 상품으로 복수의 병/팩으로 구성된 대용량 세트메뉴이며, 'Republic Roots'는 프리미엄 건강식 브랜드로 보여 개당 가격이 아닌 세트 전체 가격으로 책정된 것으로 판단됨.",참고용 - 사람 최종 확인 필요
Creature Coffee,Skateboard,200.0,5.97,33.5,오류 의심,높음,"메뉴명 'Skateboard'는 음료 제품명으로 부적절하며, 카페 음료로는 $200는 극도로 과다한 가격으로 보이나 상점명이나 메뉴명에서 고가 정당성(고급 한정판, 대용량, 세트 등)을 찾기 어렵습니다.",즉시 수정 요청 (담당자 확인)
Creature Coffee,Skateboard,200.0,5.97,33.5,오류 의심,높음,"Skateboard는 음료 메뉴명으로는 부적절하며, 일반 커피 전문점에서 $200 가격대는 음료 카테고리로 정당화될 근거가 없음",즉시 수정 요청 (담당자 확인)
Ruby Tuesday (3250 Electric Road),"Rib Eye, 12oz - 44 ct Case",446.66,10.8,41.4,정상 고가 추정,높음,"메뉴명의 '12oz - 44 ct Case'는 44개 팩 대용량 제품을 의미하며, Ruby Tuesday는 프리미엄 스테이크하우스 체인으로 고급 소고기를 판매하는 식품 도매 거래로 보여 개별 가격이 아닌 대량 구매 가격으로 정상적으로 높다.",조치 불필요 (정상 판정)
Ruby Tuesday (10419 Hull Street Road),"Rib Eye, 12oz - 44 ct Case",446.66,10.8,41.4,정상 고가 추정,중간,"메뉴명의 '12oz - 44 ct Case'는 44개 케이스 단위 대량 상품을 나타내며, Ruby Tuesday의 식재료 공급 계약 메뉴로 추정되어 개별 버거 가격($10.80)과 다른 B2B 도매 상품으로 보임.",참고용 - 사람 최종 확인 필요
Ruby Tuesday (1685 South Pleasant Valley Road),"Rib Eye, 12oz - 44 ct Case",446.66,10.8,41.4,정상 고가 추정,높음,"메뉴명의 '12oz - 44 ct Case'는 44개 묶음 대용량 케이스 상품으로, 개당 약 $10.15의 합리적 가격이며 식재료 도매 거래 특성상 정상 범위입니다.",조치 불필요 (정상 판정)
Ruby Tuesday (2844 Jefferson Davis Highway),"Rib Eye, 12oz - 44 ct Case",446.66,10.8,41.4,정상 고가 추정,높음,"메뉴명의 '44 ct Case'는 44개 단위 케이스 대량 상품을 의미하며, Rib Eye 12oz 스테이크를 44개 포함한 도매/식재료 상품으로 보여 카테고리 평균(개별 버거 기준)과의 비교 자체가 부적절함.",조치 불필요 (정상 판정)
"Ruby Tuesday (1003 Edwards Ferry Road, N.E.)","Rib Eye, 12oz - 44 ct Case",446.66,10.8,41.4,정상 고가 추정,높음,"메뉴명의 '12oz - 44 ct Case'는 44개 단위의 대용량 케이스 상품이며, Ruby Tuesday는 스테이크하우스 체인으로 고급 육류를 취급하는 업태이므로 개당 가격이 아닌 도매/케이스 단위 가격으로 보이어 정상 범주의 고가 상품으로 판단됨.",조치 불필요 (정상 판정)
Ruby Tuesday (4066 Victory Blvd),"Rib Eye, 12oz - 44 ct Case",446.66,10.8,41.4,정상 고가 추정,높음,"메뉴명의 '44 ct Case'는 44개 묶음 대용량 상품이며, Ruby Tuesday는 비스트로 레스토랑 체인으로 프리미엄 스테이크 커트인 립아이를 단위당 가격이 아닌 케이스 단위로 판매하는 정상적인 도매/단체 구매 상품으로 추정됨.",조치 불필요 (정상 판정)
Bodija African Food Market,Sunfolk Whole Peeled Straw Mushroom,488.75,12.47,39.2,오류 의심,중간,"Sunfolk Whole Peeled Straw Mushroom은 단순 버섯 통조림/식재료로 보이며, 39.2배 초과 가격은 일반적인 식재료 상품으로는 설명하기 어려운 수준의 이상치입니다.",검토 후 수정 (확신도 중간)
"California Pizza Kitchen (5665 North Centerpark Way, Unti N-141)",LARGE - CPK CLASSICS PASTA PACKAGE,368.0,8.75,42.1,정상 고가 추정,중간,"메뉴명의 'PACKAGE'와 'LARGE' 표기, 그리고 California Pizza Kitchen의 고급 이탈리안 레스토랑 포지셔닝으로 보아 여러 파스타 요리를 포함한 대용량 세트메뉴로 추정되며, 2-4인 공유 메뉴일 경우 개당 환산 가격은 합리적 수준입니다.",참고용 - 사람 최종 확인 필요
"California Pizza Kitchen (5665 North Centerpark Way, Unti N-141)",LARGE - CPK FAVORITES PASTA PACKAGE,368.0,8.75,42.1,정상 고가 추정,중간,"메뉴명의 'PACKAGE'와 'LARGE'는 복수 인분 세트메뉴임을 명확히 나타내며, California Pizza Kitchen은 중상급 캐주얼 다이닝 브랜드로서 패키지 세트 가격대가 높을 수 있다.",참고용 - 사람 최종 확인 필요
California Pizza Kitchen (7939 L. Tysons Corner),LARGE - CPK CLASSICS PASTA PACKAGE,368.0,8.75,42.1,정상 고가 추정,중간,"PACKAGE라는 명시적 표기와 LARGE 사이즈, 그리고 파스타 패키지는 여러 품목의 묶음 세트상품으로 볼 수 있으며, California Pizza Kitchen은 캐주얼 고급 레스토랑 체인으로서 고가 세트메뉴를 제공할 수 있는 점포입니다.",참고용 - 사람 최종 확인 필요
